epoch,loss
1,0.2692666524516812
2,0.11373272420429408
3,0.08160372562249744
4,0.06063737871144205
5,0.050405431490169086
